-- --------------------------------------------------------
-- Host:                         127.0.0.1
-- Versión del servidor:         8.0.30 - MySQL Community Server - GPL
-- SO del servidor:              Win64
-- HeidiSQL Versión:             12.1.0.6537
-- --------------------------------------------------------

/*!40101 SET @OLD_CHARACTER_SET_CLIENT=@@CHARACTER_SET_CLIENT */;
/*!40101 SET NAMES utf8 */;
/*!50503 SET NAMES utf8mb4 */;
/*!40103 SET @OLD_TIME_ZONE=@@TIME_ZONE */;
/*!40103 SET TIME_ZONE='+00:00' */;
/*!40014 SET @OLD_FOREIGN_KEY_CHECKS=@@FOREIGN_KEY_CHECKS, FOREIGN_KEY_CHECKS=0 */;
/*!40101 SET @OLD_SQL_MODE=@@SQL_MODE, SQL_MODE='NO_AUTO_VALUE_ON_ZERO' */;
/*!40111 SET @OLD_SQL_NOTES=@@SQL_NOTES, SQL_NOTES=0 */;


-- Volcando estructura de base de datos para siscolas
CREATE DATABASE IF NOT EXISTS `siscolas` /*!40100 DEFAULT CHARACTER SET utf8mb4 COLLATE utf8mb4_unicode_ci */ /*!80016 DEFAULT ENCRYPTION='N' */;
USE `siscolas`;

-- Volcando estructura para tabla siscolas.operador_servicios
CREATE TABLE IF NOT EXISTS `operador_servicios` (
  `id_opeserv` int NOT NULL AUTO_INCREMENT,
  `id_usuario` int DEFAULT NULL,
  `id_servicio` int DEFAULT NULL,
  `estado_os` tinyint DEFAULT '1',
  `creado_os` datetime DEFAULT CURRENT_TIMESTAMP,
  `actualizado_os` datetime DEFAULT CURRENT_TIMESTAMP ON UPDATE CURRENT_TIMESTAMP,
  PRIMARY KEY (`id_opeserv`),
  KEY `id_usuario` (`id_usuario`),
  KEY `id_servicio` (`id_servicio`),
  CONSTRAINT `ope_serv_serv` FOREIGN KEY (`id_servicio`) REFERENCES `servicios` (`id_servicios`),
  CONSTRAINT `ope_serv_user` FOREIGN KEY (`id_usuario`) REFERENCES `usuarios` (`id_usuario`)
) ENGINE=InnoDB AUTO_INCREMENT=200 DEFAULT CHARSET=utf8mb4 COLLATE=utf8mb4_unicode_ci;

-- Volcando datos para la tabla siscolas.operador_servicios: ~44 rows (aproximadamente)
INSERT INTO `operador_servicios` (`id_opeserv`, `id_usuario`, `id_servicio`, `estado_os`, `creado_os`, `actualizado_os`) VALUES
	(74, 16, 10, 1, '2026-05-14 23:55:37', '2026-05-14 23:55:37'),
	(104, 15, 6, 1, '2026-05-15 00:30:01', '2026-05-15 00:30:01'),
	(105, 15, 1, 1, '2026-05-15 00:30:01', '2026-05-15 00:30:01'),
	(106, 15, 3, 1, '2026-05-15 00:30:01', '2026-05-15 00:30:01'),
	(107, 15, 7, 1, '2026-05-15 00:30:01', '2026-05-15 00:30:01'),
	(108, 15, 5, 1, '2026-05-15 00:30:01', '2026-05-15 00:30:01'),
	(109, 15, 2, 1, '2026-05-15 00:30:01', '2026-05-15 00:30:01'),
	(110, 15, 9, 1, '2026-05-15 00:30:01', '2026-05-15 00:30:01'),
	(111, 15, 10, 1, '2026-05-15 00:30:01', '2026-05-15 00:30:01'),
	(112, 34, 3, 1, '2026-05-15 00:37:14', '2026-05-15 00:37:14'),
	(113, 34, 5, 1, '2026-05-15 00:37:14', '2026-05-15 00:37:14'),
	(114, 10, 6, 1, '2026-05-15 23:47:02', '2026-05-15 23:47:02'),
	(115, 10, 1, 1, '2026-05-15 23:47:02', '2026-05-15 23:47:02'),
	(116, 10, 3, 1, '2026-05-15 23:47:02', '2026-05-15 23:47:02'),
	(117, 10, 7, 1, '2026-05-15 23:47:02', '2026-05-15 23:47:02'),
	(118, 10, 5, 1, '2026-05-15 23:47:02', '2026-05-15 23:47:02'),
	(119, 10, 2, 1, '2026-05-15 23:47:02', '2026-05-15 23:47:02'),
	(120, 10, 9, 1, '2026-05-15 23:47:02', '2026-05-15 23:47:02'),
	(121, 10, 10, 1, '2026-05-15 23:47:02', '2026-05-15 23:47:02'),
	(122, 14, 6, 1, '2026-05-16 00:19:22', '2026-05-16 00:19:22'),
	(123, 14, 1, 1, '2026-05-16 00:19:22', '2026-05-16 00:19:22'),
	(124, 14, 3, 1, '2026-05-16 00:19:22', '2026-05-16 00:19:22'),
	(125, 14, 7, 1, '2026-05-16 00:19:22', '2026-05-16 00:19:22'),
	(126, 14, 5, 1, '2026-05-16 00:19:22', '2026-05-16 00:19:22'),
	(127, 14, 2, 1, '2026-05-16 00:19:22', '2026-05-16 00:19:22'),
	(128, 14, 9, 1, '2026-05-16 00:19:22', '2026-05-16 00:19:22'),
	(129, 14, 10, 1, '2026-05-16 00:19:22', '2026-05-16 00:19:22'),
	(182, 3, 4, 1, '2026-05-23 14:29:22', '2026-05-23 14:29:22'),
	(183, 3, 6, 1, '2026-05-23 14:29:22', '2026-05-23 14:29:22'),
	(184, 3, 1, 1, '2026-05-23 14:29:22', '2026-05-23 14:29:22'),
	(185, 3, 3, 1, '2026-05-23 14:29:22', '2026-05-23 14:29:22'),
	(186, 3, 7, 1, '2026-05-23 14:29:22', '2026-05-23 14:29:22'),
	(187, 3, 5, 1, '2026-05-23 14:29:22', '2026-05-23 14:29:22'),
	(188, 3, 8, 1, '2026-05-23 14:29:22', '2026-05-23 14:29:22'),
	(189, 3, 11, 1, '2026-05-23 14:29:22', '2026-05-23 14:29:22'),
	(190, 3, 2, 1, '2026-05-23 14:29:22', '2026-05-23 14:29:22'),
	(191, 3, 9, 1, '2026-05-23 14:29:22', '2026-05-23 14:29:22'),
	(192, 3, 10, 1, '2026-05-23 14:29:22', '2026-05-23 14:29:22'),
	(194, 5, 6, 1, '2026-05-23 18:13:33', '2026-05-23 18:13:33'),
	(195, 5, 3, 1, '2026-05-23 18:13:33', '2026-05-23 18:13:33'),
	(196, 5, 5, 1, '2026-05-23 18:13:33', '2026-05-23 18:13:33'),
	(197, 5, 8, 1, '2026-05-23 18:13:33', '2026-05-23 18:13:33'),
	(198, 5, 11, 1, '2026-05-23 18:13:33', '2026-05-23 18:13:33'),
	(199, 5, 2, 1, '2026-05-23 18:13:33', '2026-05-23 18:13:33');

-- Volcando estructura para tabla siscolas.roles
CREATE TABLE IF NOT EXISTS `roles` (
  `id_rol` int NOT NULL AUTO_INCREMENT,
  `nombre_rol` varchar(50) CHARACTER SET utf8mb4 COLLATE utf8mb4_unicode_ci NOT NULL,
  `descripcion_rol` varchar(50) CHARACTER SET utf8mb4 COLLATE utf8mb4_unicode_ci NOT NULL,
  `estado_rol` varchar(50) CHARACTER SET utf8mb4 COLLATE utf8mb4_unicode_ci NOT NULL DEFAULT '1',
  `creado_rol` timestamp NULL DEFAULT NULL,
  `actualizado_rol` timestamp NULL DEFAULT NULL,
  PRIMARY KEY (`id_rol`)
) ENGINE=InnoDB AUTO_INCREMENT=5 DEFAULT CHARSET=utf8mb4 COLLATE=utf8mb4_unicode_ci;

-- Volcando datos para la tabla siscolas.roles: ~4 rows (aproximadamente)
INSERT INTO `roles` (`id_rol`, `nombre_rol`, `descripcion_rol`, `estado_rol`, `creado_rol`, `actualizado_rol`) VALUES
	(1, 'Super Admin', 'Administrador del sistema', '1', '2026-02-23 14:34:24', NULL),
	(2, 'Admin', 'Administrador de turnos', '1', '2026-02-23 14:34:38', NULL),
	(3, 'Operador', 'Ejecutivos de Atención', '1', '2026-02-23 14:34:59', NULL),
	(4, 'Monitor', 'Vista de pantallas', '1', '2026-02-23 14:35:32', NULL);

-- Volcando estructura para tabla siscolas.servicios
CREATE TABLE IF NOT EXISTS `servicios` (
  `id_servicios` int NOT NULL AUTO_INCREMENT,
  `nombre_serv` varchar(50) CHARACTER SET utf8mb4 COLLATE utf8mb4_unicode_ci DEFAULT NULL,
  `codigo_serv` varchar(50) CHARACTER SET utf8mb4 COLLATE utf8mb4_unicode_ci DEFAULT NULL,
  `estado_serv` tinyint DEFAULT '1',
  `prioridad_serv` enum('NORMAL','ALTA','EMERGENCIA') CHARACTER SET utf8mb4 COLLATE utf8mb4_unicode_ci DEFAULT 'NORMAL',
  `creado_serv` datetime DEFAULT CURRENT_TIMESTAMP,
  `actualizado_serv` datetime DEFAULT CURRENT_TIMESTAMP ON UPDATE CURRENT_TIMESTAMP,
  PRIMARY KEY (`id_servicios`)
) ENGINE=InnoDB AUTO_INCREMENT=19 DEFAULT CHARSET=utf8mb4 COLLATE=utf8mb4_unicode_ci;

-- Volcando datos para la tabla siscolas.servicios: ~12 rows (aproximadamente)
INSERT INTO `servicios` (`id_servicios`, `nombre_serv`, `codigo_serv`, `estado_serv`, `prioridad_serv`, `creado_serv`, `actualizado_serv`) VALUES
	(1, 'CONTRATOS', 'CONT', 0, 'NORMAL', '2026-02-20 09:07:40', '2026-05-23 15:25:12'),
	(2, 'RECLAMOS COMERCIALES', 'RECO', 1, 'NORMAL', '2026-02-20 09:07:54', '2026-05-23 16:01:58'),
	(3, 'DUPLICADOS', 'DUPL', 1, 'NORMAL', '2026-02-20 09:08:10', '2026-05-23 16:06:24'),
	(4, 'CONCILIACIONES', 'CONC', 0, 'NORMAL', '2026-02-20 09:12:30', '2026-05-23 16:17:03'),
	(5, 'OTROS', 'OTRO', 1, 'NORMAL', '2026-02-20 09:14:03', '2026-05-23 16:01:44'),
	(6, 'CONEXIONES NUEVAS', 'CONU', 1, 'NORMAL', '2026-02-20 10:30:16', '2026-05-23 16:01:19'),
	(7, 'FACTIBILIDAD', 'FACT', 0, 'NORMAL', '2026-05-14 21:19:37', '2026-05-23 16:01:37'),
	(8, 'PREFERENCIAL', 'PREF', 1, 'ALTA', '2026-05-14 21:19:36', '2026-05-23 17:29:09'),
	(9, 'ROBO DE MEDIDOR', 'ROME', 0, 'NORMAL', '2026-05-14 21:19:39', '2026-05-23 16:02:05'),
	(10, 'SERVICIOS CORTADOS', 'SECO', 0, 'NORMAL', '2026-05-14 21:19:40', '2026-05-23 16:02:12'),
	(11, 'RECLAMO OPERACIONALES', 'REOP', 1, 'NORMAL', '2026-05-14 21:19:41', '2026-05-23 16:01:51'),
	(18, 'CONEXIONES ANTIGUAS', 'COAN', 0, 'NORMAL', '2026-05-23 15:34:36', '2026-05-23 16:17:25');

-- Volcando estructura para tabla siscolas.tickets
CREATE TABLE IF NOT EXISTS `tickets` (
  `id_tickets` int NOT NULL AUTO_INCREMENT,
  `numero_tk` varchar(255) CHARACTER SET utf8mb4 COLLATE utf8mb4_unicode_ci DEFAULT NULL,
  `id_servicios` int DEFAULT NULL,
  `id_usuario` int DEFAULT NULL,
  `fecha_tk` date DEFAULT NULL,
  `hora_cita` timestamp NULL DEFAULT NULL,
  `hora_atencion` timestamp NULL DEFAULT NULL,
  `hora_finalizado` timestamp NULL DEFAULT NULL,
  `estado_tk` enum('PENDIENTE','LLAMADO','EN_ATENCION','FINALIZADO','CANCELADO','NO_PRESENTADO') CHARACTER SET utf8mb4 COLLATE utf8mb4_unicode_ci NOT NULL DEFAULT 'PENDIENTE',
  `prioridad_tk` enum('NORMAL','ALTA','EMERGENCIA') COLLATE utf8mb4_unicode_ci DEFAULT NULL,
  `creado_tk` timestamp NULL DEFAULT NULL,
  `actualizado_tk` timestamp NULL DEFAULT NULL,
  PRIMARY KEY (`id_tickets`),
  KEY `id_servicios` (`id_servicios`),
  KEY `id_usuario` (`id_usuario`),
  CONSTRAINT `FK_tickets_usuarios` FOREIGN KEY (`id_usuario`) REFERENCES `usuarios` (`id_usuario`),
  CONSTRAINT `ticket_servicio` FOREIGN KEY (`id_servicios`) REFERENCES `servicios` (`id_servicios`)
) ENGINE=InnoDB AUTO_INCREMENT=709 DEFAULT CHARSET=utf8mb4 COLLATE=utf8mb4_unicode_ci;

-- Volcando datos para la tabla siscolas.tickets: ~336 rows (aproximadamente)
INSERT INTO `tickets` (`id_tickets`, `numero_tk`, `id_servicios`, `id_usuario`, `fecha_tk`, `hora_cita`, `hora_atencion`, `hora_finalizado`, `estado_tk`, `prioridad_tk`, `creado_tk`, `actualizado_tk`) VALUES
	(359, 'CONT-005', 1, 5, '2026-01-12', '2026-01-12 07:47:13', '2026-01-12 07:47:27', '2026-01-12 07:47:31', 'FINALIZADO', NULL, '2026-01-12 05:28:10', NULL),
	(360, 'CONT-006', 1, 5, '2026-01-12', '2026-01-12 07:48:02', '2026-01-12 07:48:03', '2026-01-12 07:48:05', 'FINALIZADO', NULL, '2026-01-12 05:28:59', NULL),
	(361, 'CONT-007', 1, 5, '2026-02-12', '2026-02-12 07:48:09', NULL, '2026-02-12 07:48:11', 'CANCELADO', NULL, '2026-02-12 05:29:00', NULL),
	(362, 'CONT-008', 1, 5, '2026-02-12', '2026-02-12 07:49:03', '2026-02-12 07:49:04', '2026-02-12 07:49:06', 'FINALIZADO', NULL, '2026-02-12 05:29:00', NULL),
	(363, 'CONT-009', 1, 5, '2026-02-12', '2026-02-12 07:49:07', NULL, '2026-02-12 07:49:09', 'CANCELADO', NULL, '2026-02-12 05:29:01', NULL),
	(364, 'CONT-010', 1, 5, '2026-03-12', '2026-03-12 07:49:10', NULL, '2026-03-12 07:49:12', 'CANCELADO', NULL, '2026-03-12 05:29:02', NULL),
	(372, 'DUPL-008', 3, 3, '2026-03-12', '2026-03-12 07:16:39', '2026-03-12 07:18:48', '2026-03-12 07:26:12', 'CANCELADO', NULL, '2026-03-12 05:29:21', NULL),
	(373, 'DUPL-009', 3, 3, '2026-04-12', '2026-04-12 07:26:36', NULL, '2026-04-12 07:27:01', 'CANCELADO', NULL, '2026-04-12 05:29:22', NULL),
	(374, 'DUPL-010', 3, 3, '2026-04-12', '2026-04-12 07:27:13', '2026-04-12 07:27:45', '2026-04-12 07:31:11', 'FINALIZADO', NULL, '2026-04-12 05:29:22', NULL),
	(375, 'OTRO-001', 5, 3, '2026-05-12', '2026-05-12 07:35:41', '2026-05-12 07:35:42', '2026-05-12 07:35:44', 'FINALIZADO', NULL, '2026-05-12 05:29:24', NULL),
	(376, 'OTRO-002', 5, 3, '2026-05-12', '2026-05-12 07:35:44', '2026-05-12 07:35:45', '2026-05-12 07:35:47', 'FINALIZADO', NULL, '2026-05-12 05:29:24', NULL),
	(377, 'OTRO-003', 5, 3, '2026-05-12', '2026-05-12 07:35:51', '2026-05-12 07:35:52', '2026-05-12 07:35:54', 'FINALIZADO', NULL, '2026-05-12 05:29:24', NULL),
	(378, 'OTRO-004', 5, 3, '2026-05-12', '2026-05-12 07:35:54', '2026-05-12 07:35:55', '2026-05-12 07:35:57', 'FINALIZADO', NULL, '2026-05-12 05:29:24', NULL),
	(379, 'OTRO-005', 5, 5, '2026-05-12', '2026-05-12 07:49:14', '2026-05-12 07:49:15', '2026-05-12 07:49:18', 'FINALIZADO', NULL, '2026-05-12 05:29:25', NULL),
	(380, 'OTRO-006', 5, 3, '2026-05-12', '2026-05-12 07:49:45', '2026-05-12 07:49:46', '2026-05-12 07:49:48', 'FINALIZADO', NULL, '2026-05-12 05:29:25', NULL),
	(381, 'OTRO-007', 5, 5, '2026-05-12', '2026-05-12 07:49:51', '2026-05-12 07:50:24', '2026-05-12 07:50:27', 'FINALIZADO', NULL, '2026-05-12 05:29:25', NULL),
	(382, 'OTRO-008', 5, 3, '2026-05-12', '2026-05-12 07:50:13', NULL, '2026-05-12 07:50:22', 'CANCELADO', NULL, '2026-05-12 05:29:26', NULL),
	(383, 'OTRO-009', 5, 3, '2026-05-12', '2026-05-12 07:50:29', '2026-05-12 07:51:14', '2026-05-12 07:51:28', 'FINALIZADO', NULL, '2026-05-12 05:29:26', NULL),
	(384, 'OTRO-010', 5, 5, '2026-05-12', '2026-05-12 07:50:31', '2026-05-12 07:51:24', '2026-05-12 07:51:30', 'FINALIZADO', NULL, '2026-05-12 05:29:27', NULL),
	(385, 'FACT-001', 7, 3, '2026-05-12', '2026-05-12 07:34:31', '2026-05-12 07:34:33', '2026-05-12 07:34:35', 'FINALIZADO', NULL, '2026-05-12 05:29:41', NULL),
	(386, 'FACT-002', 7, 3, '2026-05-12', '2026-05-12 07:34:48', '2026-05-12 07:34:49', '2026-05-12 07:34:51', 'FINALIZADO', NULL, '2026-05-12 05:29:42', NULL),
	(387, 'FACT-003', 7, 3, '2026-05-12', '2026-05-12 07:34:52', '2026-05-12 07:34:53', '2026-05-12 07:34:55', 'FINALIZADO', NULL, '2026-05-12 05:29:42', NULL),
	(388, 'FACT-004', 7, 3, '2026-05-12', '2026-05-12 07:34:56', NULL, '2026-05-12 07:34:57', 'CANCELADO', NULL, '2026-05-12 05:29:42', NULL),
	(389, 'FACT-005', 7, 3, '2026-05-12', '2026-05-12 07:34:58', NULL, '2026-05-12 07:34:59', 'CANCELADO', NULL, '2026-05-12 05:29:42', NULL),
	(390, 'FACT-006', 7, 3, '2026-05-12', '2026-05-12 07:35:05', NULL, '2026-05-12 07:35:07', 'CANCELADO', NULL, '2026-05-12 05:29:43', NULL),
	(391, 'FACT-007', 7, 3, '2026-05-12', '2026-05-12 07:35:09', NULL, '2026-05-12 07:35:11', 'CANCELADO', NULL, '2026-05-12 05:29:43', NULL),
	(392, 'FACT-008', 7, 3, '2026-05-12', '2026-05-12 07:35:12', NULL, '2026-05-12 07:35:14', 'CANCELADO', NULL, '2026-05-12 05:29:44', NULL),
	(393, 'FACT-009', 7, 3, '2026-05-12', '2026-05-12 07:51:36', '2026-05-12 07:51:37', '2026-05-12 07:51:39', 'FINALIZADO', NULL, '2026-05-12 05:29:44', NULL),
	(394, 'FACT-010', 7, 3, '2026-05-12', '2026-05-12 07:51:40', NULL, '2026-05-12 07:51:41', 'CANCELADO', NULL, '2026-05-12 05:29:44', NULL),
	(395, 'DUPL-011', 3, 3, '2026-05-12', '2026-05-12 07:33:04', '2026-05-12 07:33:09', '2026-05-12 07:33:16', 'FINALIZADO', NULL, '2026-05-12 05:38:05', NULL),
	(396, 'DUPL-012', 3, 3, '2026-05-12', '2026-05-12 07:33:37', NULL, '2026-05-12 07:33:40', 'CANCELADO', NULL, '2026-05-12 05:38:06', NULL),
	(397, 'DUPL-013', 3, 3, '2026-05-12', '2026-05-12 07:33:42', '2026-05-12 07:33:43', '2026-05-12 07:33:46', 'FINALIZADO', NULL, '2026-05-12 05:38:07', NULL),
	(398, 'DUPL-014', 3, 3, '2026-05-12', '2026-05-12 07:51:42', NULL, '2026-05-12 07:51:43', 'CANCELADO', NULL, '2026-05-12 05:38:08', NULL),
	(399, 'DUPL-015', 3, 3, '2026-05-12', '2026-05-12 07:51:44', '2026-05-12 07:51:44', '2026-05-12 07:51:47', 'FINALIZADO', NULL, '2026-05-12 05:38:08', NULL),
	(400, 'OTRO-011', 5, 3, '2026-05-12', '2026-05-12 08:23:19', '2026-05-12 08:23:24', '2026-05-12 08:23:41', 'FINALIZADO', NULL, '2026-05-12 07:52:58', NULL),
	(401, 'OTRO-012', 5, 3, '2026-05-12', '2026-05-12 08:23:51', '2026-05-12 08:24:19', '2026-05-12 08:24:39', 'FINALIZADO', NULL, '2026-05-12 07:53:00', NULL),
	(402, 'OTRO-013', 5, 3, '2026-05-12', '2026-05-12 08:24:49', NULL, '2026-05-12 08:25:15', 'CANCELADO', NULL, '2026-05-12 07:53:02', NULL),
	(403, 'OTRO-014', 5, 3, '2026-05-12', '2026-05-12 08:26:46', NULL, '2026-05-12 08:27:51', 'CANCELADO', NULL, '2026-05-12 08:25:35', NULL),
	(404, 'OTRO-015', 5, 3, '2026-05-12', '2026-05-12 08:27:52', NULL, '2026-05-12 08:27:54', 'CANCELADO', NULL, '2026-05-12 08:25:36', NULL),
	(405, 'OTRO-016', 5, 3, '2026-05-12', '2026-05-12 08:27:56', '2026-05-12 08:27:57', '2026-05-12 08:27:59', 'FINALIZADO', NULL, '2026-05-12 08:25:36', NULL),
	(406, 'OTRO-017', 5, 3, '2026-05-12', '2026-05-12 08:28:04', NULL, '2026-05-12 08:28:06', 'CANCELADO', NULL, '2026-05-12 08:25:36', NULL),
	(407, 'OTRO-018', 5, 3, '2026-05-12', '2026-05-12 08:28:07', '2026-05-12 08:28:07', '2026-05-12 08:28:10', 'FINALIZADO', NULL, '2026-05-12 08:25:36', NULL),
	(408, 'OTRO-019', 5, 3, '2026-05-12', '2026-05-12 08:35:09', '2026-05-12 08:46:55', '2026-05-12 08:46:57', 'FINALIZADO', NULL, '2026-05-12 08:25:37', NULL),
	(409, 'OTRO-020', 5, 3, '2026-05-12', '2026-05-12 08:50:18', '2026-05-12 08:50:29', '2026-05-12 16:22:48', 'FINALIZADO', NULL, '2026-05-12 08:25:38', NULL),
	(410, 'OTRO-021', 5, 5, '2026-05-12', '2026-05-12 08:53:06', '2026-05-12 08:53:18', '2026-05-12 08:53:33', 'FINALIZADO', NULL, '2026-05-12 08:25:52', NULL),
	(411, 'OTRO-022', 5, 5, '2026-05-12', '2026-05-12 08:53:38', '2026-05-12 16:32:09', '2026-05-12 16:32:31', 'FINALIZADO', NULL, '2026-05-12 08:25:54', NULL),
	(412, 'OTRO-023', 5, 3, '2026-05-12', '2026-05-12 16:22:53', NULL, '2026-05-12 16:23:02', 'CANCELADO', NULL, '2026-05-12 08:25:54', NULL),
	(413, 'OTRO-024', 5, 3, '2026-05-12', '2026-05-12 16:23:20', '2026-05-12 16:27:19', '2026-05-12 16:27:22', 'FINALIZADO', NULL, '2026-05-12 08:25:55', NULL),
	(414, 'OTRO-025', 5, 5, '2026-05-12', '2026-05-12 17:15:48', '2026-05-12 17:16:12', '2026-05-12 17:16:43', 'FINALIZADO', NULL, '2026-05-12 08:25:58', NULL),
	(415, 'OTRO-026', 5, 5, '2026-05-12', '2026-05-12 17:18:32', '2026-05-12 17:21:08', '2026-05-12 17:26:53', 'FINALIZADO', NULL, '2026-05-12 08:26:00', NULL),
	(416, 'DUPL-016', 3, 3, '2026-05-12', '2026-05-12 17:40:28', '2026-05-12 17:40:33', '2026-05-12 21:21:42', 'FINALIZADO', NULL, '2026-05-12 16:22:33', NULL),
	(417, 'OTRO-027', 5, 5, '2026-05-12', '2026-05-12 17:30:59', '2026-05-12 17:38:27', '2026-05-12 17:38:37', 'FINALIZADO', NULL, '2026-05-12 17:30:15', NULL),
	(418, 'OTRO-028', 5, 5, '2026-05-12', '2026-05-12 17:38:38', '2026-05-12 17:38:43', '2026-05-12 17:38:47', 'CANCELADO', NULL, '2026-05-12 17:30:16', NULL),
	(419, 'OTRO-029', 5, 5, '2026-05-12', '2026-05-12 17:38:49', '2026-05-12 18:21:22', '2026-05-12 18:21:33', 'FINALIZADO', NULL, '2026-05-12 17:30:16', NULL),
	(420, 'OTRO-030', 5, 5, '2026-05-12', '2026-05-12 18:21:35', '2026-05-12 18:21:38', '2026-05-12 18:21:41', 'FINALIZADO', NULL, '2026-05-12 17:30:16', NULL),
	(421, 'OTRO-031', 5, 5, '2026-05-12', '2026-05-12 18:53:33', '2026-05-12 19:05:29', '2026-05-12 19:05:43', 'FINALIZADO', NULL, '2026-05-12 17:30:17', NULL),
	(422, 'OTRO-032', 5, 5, '2026-05-12', '2026-05-12 19:05:46', NULL, '2026-05-12 19:06:08', 'CANCELADO', NULL, '2026-05-12 17:30:17', NULL),
	(423, 'OTRO-033', 5, 5, '2026-05-12', '2026-05-12 19:06:14', '2026-05-12 19:07:04', '2026-05-12 19:07:11', 'FINALIZADO', NULL, '2026-05-12 17:30:17', NULL),
	(424, 'OTRO-034', 5, 5, '2026-05-12', '2026-05-12 19:15:34', '2026-05-12 19:15:41', '2026-05-12 19:15:46', 'FINALIZADO', NULL, '2026-05-12 17:30:17', NULL),
	(425, 'OTRO-035', 5, 5, '2026-05-12', '2026-05-12 19:15:47', '2026-05-12 20:06:51', '2026-05-12 20:06:55', 'FINALIZADO', NULL, '2026-05-12 17:30:18', NULL),
	(426, 'OTRO-036', 5, 5, '2026-05-12', '2026-05-12 20:06:57', NULL, '2026-05-12 20:06:59', 'CANCELADO', NULL, '2026-05-12 17:30:18', NULL),
	(427, 'OTRO-037', 5, 5, '2026-05-12', '2026-05-12 20:07:00', NULL, '2026-05-12 20:07:02', 'CANCELADO', NULL, '2026-05-12 17:30:21', NULL),
	(428, 'CONU-001', 6, 5, '2026-05-12', '2026-05-12 21:24:29', '2026-05-12 21:42:05', '2026-05-12 21:42:13', 'FINALIZADO', NULL, '2026-05-12 19:19:25', NULL),
	(429, 'DUPL-017', 3, 3, '2026-05-12', '2026-05-12 21:22:00', '2026-05-12 21:22:05', '2026-05-12 21:22:10', 'FINALIZADO', NULL, '2026-05-12 19:19:27', NULL),
	(430, 'OTRO-038', 5, 5, '2026-05-12', '2026-05-12 20:07:03', NULL, '2026-05-12 20:07:05', 'CANCELADO', NULL, '2026-05-12 19:48:52', NULL),
	(431, 'DUPL-018', 3, 3, '2026-05-12', '2026-05-12 21:22:12', '2026-05-12 21:22:15', '2026-05-12 21:22:18', 'FINALIZADO', NULL, '2026-05-12 19:49:17', NULL),
	(432, 'CONT-011', 1, 5, '2026-05-12', '2026-05-12 20:07:13', NULL, '2026-05-12 20:07:14', 'CANCELADO', NULL, '2026-05-12 19:49:33', NULL),
	(433, 'DUPL-019', 3, 3, '2026-05-12', '2026-05-12 21:22:25', '2026-05-12 21:22:38', '2026-05-12 21:22:57', 'FINALIZADO', NULL, '2026-05-12 20:02:34', NULL),
	(434, 'CONT-012', 1, 5, '2026-05-12', '2026-05-12 20:07:15', '2026-05-12 20:07:16', '2026-05-12 20:07:18', 'FINALIZADO', NULL, '2026-05-12 20:02:47', NULL),
	(435, 'CONT-013', 1, 5, '2026-05-12', '2026-05-12 20:07:19', '2026-05-12 20:07:20', '2026-05-12 20:07:22', 'FINALIZADO', NULL, '2026-05-12 20:02:53', NULL),
	(436, 'CONC-001', 4, 5, '2026-05-12', '2026-05-12 22:49:09', '2026-05-12 22:49:12', '2026-05-12 22:49:14', 'FINALIZADO', NULL, '2026-05-12 20:03:15', NULL),
	(437, 'ROME-001', 9, 5, '2026-05-12', '2026-05-12 22:49:15', '2026-05-12 22:49:16', '2026-05-12 22:49:18', 'FINALIZADO', NULL, '2026-05-12 20:09:33', NULL),
	(438, 'SECO-001', 10, 5, '2026-05-12', '2026-05-12 22:49:20', '2026-05-12 22:49:22', '2026-05-12 22:49:24', 'FINALIZADO', NULL, '2026-05-12 20:09:43', NULL),
	(439, 'OTRO-039', 5, 5, '2026-05-12', '2026-05-12 20:30:40', '2026-05-12 20:30:42', '2026-05-12 20:30:44', 'FINALIZADO', NULL, '2026-05-12 20:25:38', NULL),
	(440, 'DUPL-020', 3, 3, '2026-05-12', '2026-05-12 21:23:23', '2026-05-12 21:23:25', '2026-05-12 21:23:28', 'FINALIZADO', NULL, '2026-05-12 20:25:47', NULL),
	(441, 'OTRO-040', 5, 5, '2026-05-12', '2026-05-12 20:30:46', NULL, '2026-05-12 20:30:48', 'CANCELADO', NULL, '2026-05-12 20:26:56', NULL),
	(442, 'OTRO-041', 5, 5, '2026-05-12', '2026-05-12 21:16:03', NULL, '2026-05-12 21:16:10', 'CANCELADO', NULL, '2026-05-12 20:27:10', NULL),
	(443, 'OTRO-042', 5, 5, '2026-05-12', '2026-05-12 21:16:10', NULL, '2026-05-12 21:16:12', 'CANCELADO', NULL, '2026-05-12 20:27:23', NULL),
	(444, 'OTRO-043', 5, 5, '2026-05-12', '2026-05-12 21:16:13', NULL, '2026-05-12 21:16:14', 'CANCELADO', NULL, '2026-05-12 20:28:49', NULL),
	(445, 'OTRO-044', 5, 5, '2026-05-12', '2026-05-12 21:16:16', NULL, '2026-05-12 21:16:18', 'CANCELADO', NULL, '2026-05-12 20:29:14', NULL),
	(446, 'OTRO-045', 5, 5, '2026-05-12', '2026-05-12 21:16:19', NULL, '2026-05-12 21:16:20', 'CANCELADO', NULL, '2026-05-12 20:29:18', NULL),
	(447, 'OTRO-046', 5, 5, '2026-05-12', '2026-05-12 21:18:43', NULL, '2026-05-12 21:18:48', 'CANCELADO', NULL, '2026-05-12 20:29:22', NULL),
	(448, 'OTRO-047', 5, 5, '2026-05-12', '2026-05-12 21:19:00', '2026-05-12 21:19:00', '2026-05-12 21:19:02', 'FINALIZADO', NULL, '2026-05-12 20:29:26', NULL),
	(449, 'OTRO-048', 5, 5, '2026-05-12', '2026-05-12 21:19:11', '2026-05-12 21:19:16', '2026-05-12 21:19:19', 'FINALIZADO', NULL, '2026-05-12 20:29:30', NULL),
	(450, 'OTRO-049', 5, 5, '2026-05-12', '2026-05-12 21:19:22', '2026-05-12 21:19:24', '2026-05-12 21:19:50', 'FINALIZADO', NULL, '2026-05-12 20:29:40', NULL),
	(451, 'OTRO-050', 5, 5, '2026-05-12', '2026-05-12 21:20:06', '2026-05-12 21:20:48', '2026-05-12 21:20:56', 'FINALIZADO', NULL, '2026-05-12 20:42:54', NULL),
	(452, 'OTRO-051', 5, 5, '2026-05-12', '2026-05-12 21:43:45', '2026-05-12 21:45:10', '2026-05-12 21:45:16', 'FINALIZADO', NULL, '2026-05-12 21:25:58', NULL),
	(453, 'OTRO-052', 5, 3, '2026-05-12', '2026-05-12 21:44:46', '2026-05-12 21:51:53', '2026-05-12 21:51:59', 'FINALIZADO', NULL, '2026-05-12 21:28:53', NULL),
	(454, 'OTRO-053', 5, 5, '2026-05-12', '2026-05-12 21:45:20', '2026-05-12 21:59:49', '2026-05-12 21:59:53', 'FINALIZADO', NULL, '2026-05-12 21:31:14', NULL),
	(455, 'OTRO-054', 5, 5, '2026-05-12', '2026-05-12 22:01:44', '2026-05-12 22:01:54', '2026-05-12 22:01:59', 'FINALIZADO', NULL, '2026-05-12 21:31:22', NULL),
	(456, 'OTRO-055', 5, 5, '2026-05-12', '2026-05-12 22:02:02', NULL, '2026-05-12 22:03:20', 'CANCELADO', NULL, '2026-05-12 21:41:40', NULL),
	(457, 'OTRO-056', 5, 5, '2026-05-12', '2026-05-12 22:03:25', NULL, '2026-05-12 22:04:00', 'CANCELADO', NULL, '2026-05-12 21:43:24', NULL),
	(458, 'OTRO-057', 5, 5, '2026-05-12', '2026-05-12 22:04:03', NULL, '2026-05-12 22:08:10', 'CANCELADO', NULL, '2026-05-12 21:45:29', NULL),
	(459, 'OTRO-058', 5, 5, '2026-05-12', '2026-05-12 22:08:22', '2026-05-12 22:14:23', '2026-05-12 22:14:30', 'FINALIZADO', NULL, '2026-05-12 21:45:32', NULL),
	(460, 'OTRO-059', 5, 5, '2026-05-12', '2026-05-12 22:14:46', '2026-05-12 22:15:38', '2026-05-12 22:15:41', 'FINALIZADO', NULL, '2026-05-12 22:14:40', NULL),
	(461, 'OTRO-060', 5, 5, '2026-05-12', '2026-05-12 22:18:44', '2026-05-12 22:18:58', '2026-05-12 22:19:02', 'FINALIZADO', NULL, '2026-05-12 22:17:32', NULL),
	(462, 'OTRO-061', 5, 5, '2026-05-12', '2026-05-12 22:19:05', NULL, '2026-05-12 22:21:00', 'CANCELADO', NULL, '2026-05-12 22:18:14', NULL),
	(463, 'OTRO-062', 5, 3, '2026-05-12', '2026-05-12 22:21:03', NULL, '2026-05-12 22:21:17', 'CANCELADO', NULL, '2026-05-12 22:18:20', NULL),
	(464, 'OTRO-063', 5, 3, '2026-05-12', '2026-05-12 22:21:58', '2026-05-12 22:22:00', '2026-05-12 22:23:43', 'CANCELADO', NULL, '2026-05-12 22:21:22', NULL),
	(465, 'OTRO-064', 5, 5, '2026-05-12', '2026-05-12 22:22:03', NULL, '2026-05-12 22:23:45', 'CANCELADO', NULL, '2026-05-12 22:21:26', NULL),
	(466, 'OTRO-065', 5, 5, '2026-05-12', '2026-05-12 22:23:47', NULL, '2026-05-12 22:27:16', 'CANCELADO', NULL, '2026-05-12 22:21:30', NULL),
	(467, 'OTRO-066', 5, 5, '2026-05-12', '2026-05-12 22:29:09', '2026-05-12 22:29:23', '2026-05-12 22:29:36', 'FINALIZADO', NULL, '2026-05-12 22:21:42', NULL),
	(468, 'OTRO-067', 5, 3, '2026-05-12', '2026-05-12 22:29:09', '2026-05-12 22:29:23', '2026-05-12 22:29:27', 'FINALIZADO', NULL, '2026-05-12 22:21:45', NULL),
	(469, 'OTRO-068', 5, 3, '2026-05-12', '2026-05-12 22:30:46', NULL, '2026-05-12 22:30:51', 'CANCELADO', NULL, '2026-05-12 22:29:57', NULL),
	(470, 'OTRO-069', 5, 3, '2026-05-12', '2026-05-12 22:31:56', '2026-05-12 22:37:38', '2026-05-12 22:38:51', 'CANCELADO', NULL, '2026-05-12 22:30:11', NULL),
	(471, 'OTRO-070', 5, 5, '2026-05-12', '2026-05-12 22:32:00', '2026-05-12 22:32:01', '2026-05-12 22:32:20', 'FINALIZADO', NULL, '2026-05-12 22:30:15', NULL),
	(472, 'OTRO-071', 5, 5, '2026-05-12', '2026-05-12 22:32:26', '2026-05-12 22:32:37', '2026-05-12 22:49:02', 'FINALIZADO', NULL, '2026-05-12 22:30:18', NULL),
	(473, 'OTRO-072', 5, 3, '2026-05-12', '2026-05-12 22:38:57', '2026-05-12 22:39:00', '2026-05-12 22:39:04', 'FINALIZADO', NULL, '2026-05-12 22:30:23', NULL),
	(474, 'CONT-014', 1, 5, '2026-05-12', '2026-05-12 22:50:34', '2026-05-12 22:50:39', '2026-05-12 22:50:56', 'FINALIZADO', NULL, '2026-05-12 22:49:31', NULL),
	(475, 'RECO-001', 2, 5, '2026-05-12', '2026-05-12 22:51:25', '2026-05-12 23:00:35', '2026-05-12 23:00:45', 'FINALIZADO', NULL, '2026-05-12 22:49:35', NULL),
	(476, 'DUPL-021', 3, 3, '2026-05-12', '2026-05-12 22:50:31', '2026-05-12 22:50:42', '2026-05-12 22:50:50', 'FINALIZADO', NULL, '2026-05-12 22:49:38', NULL),
	(477, 'CONC-002', 4, 5, '2026-05-12', '2026-05-12 23:00:46', '2026-05-13 00:37:25', '2026-05-13 00:37:28', 'FINALIZADO', NULL, '2026-05-12 22:49:42', NULL),
	(478, 'OTRO-073', 5, 3, '2026-05-12', '2026-05-12 22:50:53', '2026-05-12 22:51:06', '2026-05-12 22:51:09', 'FINALIZADO', NULL, '2026-05-12 22:49:46', NULL),
	(479, 'CONU-002', 6, 5, '2026-05-12', '2026-05-13 00:37:29', NULL, '2026-05-13 00:37:35', 'CANCELADO', NULL, '2026-05-12 22:49:49', NULL),
	(480, 'FACT-011', 7, 3, '2026-05-12', '2026-05-12 22:51:21', '2026-05-12 22:51:23', '2026-05-12 22:51:34', 'FINALIZADO', NULL, '2026-05-12 22:49:57', NULL),
	(481, 'PREF-001', 8, 5, '2026-05-12', '2026-05-13 00:50:31', '2026-05-13 00:50:31', '2026-05-13 00:50:33', 'FINALIZADO', NULL, '2026-05-12 22:50:04', NULL),
	(482, 'ROME-002', 9, 5, '2026-05-12', '2026-05-13 00:50:35', '2026-05-13 00:50:36', '2026-05-13 00:50:39', 'FINALIZADO', NULL, '2026-05-12 22:50:08', NULL),
	(483, 'SECO-002', 10, 5, '2026-05-12', '2026-05-13 00:50:40', '2026-05-13 00:50:47', '2026-05-13 00:50:59', 'FINALIZADO', NULL, '2026-05-12 22:50:11', NULL),
	(484, 'OTRO-074', 5, 5, '2026-05-12', '2026-05-13 00:51:07', '2026-05-13 00:51:34', '2026-05-13 01:09:46', 'CANCELADO', NULL, '2026-05-12 23:01:11', NULL),
	(485, 'OTRO-075', 5, 5, '2026-05-12', '2026-05-13 01:09:47', '2026-05-13 01:09:48', '2026-05-13 01:09:49', 'FINALIZADO', NULL, '2026-05-12 23:01:25', NULL),
	(486, 'CONT-015', 1, 5, '2026-05-12', '2026-05-13 01:09:50', '2026-05-13 01:09:51', '2026-05-13 01:09:53', 'FINALIZADO', NULL, '2026-05-12 23:17:53', NULL),
	(487, 'OTRO-076', 5, 5, '2026-05-12', '2026-05-13 01:09:54', '2026-05-13 01:09:55', '2026-05-13 01:09:57', 'FINALIZADO', NULL, '2026-05-13 00:39:20', NULL),
	(488, 'OTRO-077', 5, 5, '2026-05-12', '2026-05-13 01:09:58', NULL, '2026-05-13 01:10:00', 'CANCELADO', NULL, '2026-05-13 00:49:59', NULL),
	(489, 'DUPL-022', 3, 5, '2026-05-12', '2026-05-13 01:10:30', '2026-05-13 01:10:31', '2026-05-13 01:10:32', 'FINALIZADO', NULL, '2026-05-13 00:50:04', NULL),
	(490, 'FACT-012', 7, 5, '2026-05-12', '2026-05-13 01:10:33', '2026-05-13 01:10:34', '2026-05-13 01:10:35', 'FINALIZADO', NULL, '2026-05-13 00:50:18', NULL),
	(491, 'OTRO-078', 5, 5, '2026-05-12', '2026-05-13 01:12:20', NULL, '2026-05-13 01:12:23', 'CANCELADO', NULL, '2026-05-13 00:54:44', NULL),
	(492, 'OTRO-079', 5, 5, '2026-05-12', '2026-05-13 01:12:23', NULL, '2026-05-13 01:12:25', 'CANCELADO', NULL, '2026-05-13 00:54:54', NULL),
	(493, 'CONT-016', 1, 5, '2026-05-12', '2026-05-13 01:12:26', NULL, '2026-05-13 01:12:27', 'CANCELADO', NULL, '2026-05-13 00:56:01', NULL),
	(494, 'RECO-002', 2, 5, '2026-05-12', '2026-05-13 02:03:45', NULL, '2026-05-13 02:04:05', 'CANCELADO', NULL, '2026-05-13 00:56:11', NULL),
	(495, 'SECO-003', 10, 5, '2026-05-12', '2026-05-13 02:04:40', NULL, '2026-05-13 02:04:42', 'CANCELADO', NULL, '2026-05-13 00:56:44', NULL),
	(496, 'OTRO-080', 5, 5, '2026-05-12', '2026-05-13 02:09:25', '2026-05-13 02:09:28', '2026-05-13 02:09:30', 'FINALIZADO', NULL, '2026-05-13 01:05:55', NULL),
	(497, 'CONT-017', 1, 5, '2026-05-12', '2026-05-13 02:09:31', '2026-05-13 02:09:32', '2026-05-13 02:09:34', 'FINALIZADO', NULL, '2026-05-13 01:06:04', NULL),
	(498, 'CONC-003', 4, 5, '2026-05-12', '2026-05-13 02:09:37', '2026-05-13 02:09:39', '2026-05-13 02:09:42', 'FINALIZADO', NULL, '2026-05-13 01:09:11', NULL),
	(499, 'PREF-002', 8, 5, '2026-05-12', '2026-05-13 02:09:47', '2026-05-13 02:09:49', '2026-05-13 02:09:52', 'FINALIZADO', NULL, '2026-05-13 01:10:43', NULL),
	(500, 'PREF-003', 8, 5, '2026-05-12', '2026-05-13 02:09:53', '2026-05-13 02:09:53', '2026-05-13 02:09:55', 'FINALIZADO', NULL, '2026-05-13 01:10:54', NULL),
	(501, 'PREF-004', 8, 5, '2026-05-12', '2026-05-13 02:09:56', '2026-05-13 02:09:57', '2026-05-13 02:09:59', 'FINALIZADO', NULL, '2026-05-13 01:12:35', NULL),
	(502, 'PREF-005', 8, 5, '2026-05-12', '2026-05-13 02:10:03', NULL, '2026-05-13 02:10:05', 'CANCELADO', NULL, '2026-05-13 01:12:42', NULL),
	(503, 'PREF-006', 8, 5, '2026-05-12', '2026-05-13 02:10:06', NULL, '2026-05-13 02:10:07', 'CANCELADO', NULL, '2026-05-13 01:12:46', NULL),
	(504, 'PREF-007', 8, 5, '2026-05-12', '2026-05-13 02:10:08', NULL, '2026-05-13 02:10:10', 'CANCELADO', NULL, '2026-05-13 01:12:53', NULL),
	(505, 'PREF-008', 8, 5, '2026-05-12', '2026-05-13 02:10:18', NULL, '2026-05-13 02:10:20', 'CANCELADO', NULL, '2026-05-13 01:12:57', NULL),
	(506, 'PREF-009', 8, 5, '2026-05-12', '2026-05-13 02:10:29', '2026-05-13 02:10:29', '2026-05-13 02:10:31', 'FINALIZADO', NULL, '2026-05-13 01:13:01', NULL),
	(507, 'PREF-010', 8, 5, '2026-05-12', '2026-05-13 02:10:33', '2026-05-13 02:10:35', '2026-05-13 02:10:37', 'FINALIZADO', NULL, '2026-05-13 01:13:06', NULL),
	(508, 'PREF-011', 8, NULL, '2026-05-12', NULL, NULL, NULL, 'PENDIENTE', NULL, '2026-05-13 01:13:11', NULL),
	(509, 'ROME-003', 9, NULL, '2026-05-12', NULL, NULL, NULL, 'PENDIENTE', NULL, '2026-05-13 01:13:18', NULL),
	(510, 'CONT-018', 1, NULL, '2026-05-12', NULL, NULL, NULL, 'PENDIENTE', NULL, '2026-05-13 02:07:12', NULL),
	(511, 'DUPL-023', 3, NULL, '2026-05-12', NULL, NULL, NULL, 'PENDIENTE', NULL, '2026-05-13 02:07:22', NULL),
	(512, 'PREF-012', 8, NULL, '2026-05-12', NULL, NULL, NULL, 'PENDIENTE', NULL, '2026-05-13 02:07:29', NULL),
	(513, 'CONC-004', 4, NULL, '2026-05-12', NULL, NULL, NULL, 'PENDIENTE', NULL, '2026-05-13 04:19:40', NULL),
	(514, 'CONC-004', 4, NULL, '2026-05-12', NULL, NULL, NULL, 'PENDIENTE', NULL, '2026-05-13 04:19:40', NULL),
	(515, 'CONT-019', 1, NULL, '2026-05-12', NULL, NULL, NULL, 'PENDIENTE', NULL, '2026-05-13 04:19:52', NULL),
	(516, 'DUPL-024', 3, NULL, '2026-05-12', NULL, NULL, NULL, 'PENDIENTE', NULL, '2026-05-13 04:19:56', NULL),
	(517, 'CONC-005', 4, NULL, '2026-05-12', NULL, NULL, NULL, 'PENDIENTE', NULL, '2026-05-13 04:21:20', NULL),
	(518, 'CONU-003', 6, NULL, '2026-05-12', NULL, NULL, NULL, 'PENDIENTE', NULL, '2026-05-13 04:29:19', NULL),
	(519, 'SECO-004', 10, NULL, '2026-05-12', NULL, NULL, NULL, 'PENDIENTE', NULL, '2026-05-13 04:32:51', NULL),
	(520, 'CONU-004', 6, NULL, '2026-05-12', NULL, NULL, NULL, 'PENDIENTE', NULL, '2026-05-13 04:45:48', NULL),
	(521, 'CONC-001', 4, 5, '2026-05-13', '2026-05-13 06:13:48', NULL, '2026-05-13 06:13:50', 'CANCELADO', NULL, '2026-05-13 05:16:01', NULL),
	(522, 'CONU-001', 6, 5, '2026-05-13', '2026-05-13 06:13:51', NULL, '2026-05-13 06:13:52', 'CANCELADO', NULL, '2026-05-13 05:30:31', NULL),
	(523, 'CONC-002', 4, 5, '2026-05-13', '2026-05-13 06:13:53', NULL, '2026-05-13 06:13:54', 'CANCELADO', NULL, '2026-05-13 05:34:05', NULL),
	(524, 'CONC-003', 4, 5, '2026-05-13', '2026-05-13 06:13:55', NULL, '2026-05-13 06:13:57', 'CANCELADO', NULL, '2026-05-13 05:59:58', NULL),
	(525, 'CONC-004', 4, 5, '2026-05-13', '2026-05-13 06:13:57', NULL, '2026-05-13 06:13:58', 'CANCELADO', NULL, '2026-05-13 06:00:07', NULL),
	(526, 'RECO-001', 2, 5, '2026-05-13', '2026-05-13 06:13:59', '2026-05-13 06:14:00', '2026-05-13 06:14:03', 'FINALIZADO', NULL, '2026-05-13 06:00:47', NULL),
	(527, 'SECO-001', 10, 5, '2026-05-13', '2026-05-13 06:14:03', '2026-05-13 06:14:04', '2026-05-13 06:14:05', 'FINALIZADO', NULL, '2026-05-13 06:00:57', NULL),
	(528, 'SECO-002', 10, 5, '2026-05-13', '2026-05-13 06:14:06', '2026-05-13 06:14:07', '2026-05-13 06:14:08', 'FINALIZADO', NULL, '2026-05-13 06:01:21', NULL),
	(529, 'CONU-002', 6, 5, '2026-05-13', '2026-05-13 06:14:09', '2026-05-13 06:14:10', '2026-05-13 06:14:11', 'FINALIZADO', NULL, '2026-05-13 06:02:11', NULL),
	(530, 'CONT-001', 1, 5, '2026-05-13', '2026-05-13 06:14:12', '2026-05-13 06:14:12', '2026-05-13 06:14:16', 'FINALIZADO', NULL, '2026-05-13 06:02:49', NULL),
	(531, 'CONT-002', 1, 5, '2026-05-13', '2026-05-13 06:14:17', '2026-05-13 06:14:38', '2026-05-13 06:14:40', 'FINALIZADO', NULL, '2026-05-13 06:03:24', NULL),
	(532, 'CONT-003', 1, 5, '2026-05-13', '2026-05-13 06:14:41', '2026-05-13 06:14:41', '2026-05-13 06:14:47', 'FINALIZADO', NULL, '2026-05-13 06:03:30', NULL),
	(533, 'RECO-002', 2, 5, '2026-05-13', '2026-05-13 06:17:30', '2026-05-13 06:17:33', '2026-05-13 06:17:43', 'FINALIZADO', NULL, '2026-05-13 06:03:34', NULL),
	(534, 'OTRO-001', 5, 5, '2026-05-13', '2026-05-13 06:17:44', '2026-05-13 06:22:24', '2026-05-13 06:22:30', 'FINALIZADO', NULL, '2026-05-13 06:03:37', NULL),
	(535, 'SECO-003', 10, 5, '2026-05-13', '2026-05-13 06:22:31', '2026-05-13 06:23:15', '2026-05-13 06:23:21', 'FINALIZADO', NULL, '2026-05-13 06:03:42', NULL),
	(536, 'SECO-004', 10, 5, '2026-05-13', '2026-05-13 06:23:24', '2026-05-13 06:23:31', '2026-05-13 06:23:41', 'FINALIZADO', NULL, '2026-05-13 06:03:54', NULL),
	(537, 'CONT-004', 1, 5, '2026-05-13', '2026-05-13 06:28:56', '2026-05-13 06:28:58', '2026-05-13 06:32:49', 'FINALIZADO', NULL, '2026-05-13 06:05:51', NULL),
	(538, 'CONU-003', 6, 5, '2026-05-13', '2026-05-13 06:32:50', '2026-05-13 06:32:51', '2026-05-13 06:32:58', 'FINALIZADO', NULL, '2026-05-13 06:06:46', NULL),
	(539, 'CONC-005', 4, 5, '2026-05-13', '2026-05-13 06:32:59', '2026-05-13 06:35:17', '2026-05-13 06:39:27', 'FINALIZADO', NULL, '2026-05-13 06:06:49', NULL),
	(540, 'DUPL-001', 3, 5, '2026-05-13', '2026-05-13 06:39:28', '2026-05-13 06:39:35', '2026-05-13 06:40:04', 'CANCELADO', NULL, '2026-05-13 06:06:54', NULL),
	(541, 'OTRO-002', 5, 5, '2026-05-13', '2026-05-13 06:40:08', '2026-05-13 06:40:12', '2026-05-13 06:44:48', 'FINALIZADO', NULL, '2026-05-13 06:06:57', NULL),
	(542, 'RECO-003', 2, 5, '2026-05-13', '2026-05-13 06:44:54', '2026-05-13 06:44:57', '2026-05-13 06:45:01', 'FINALIZADO', NULL, '2026-05-13 06:07:02', NULL),
	(543, 'CONU-004', 6, 5, '2026-05-13', '2026-05-13 07:01:00', '2026-05-13 07:03:23', '2026-05-13 07:03:26', 'FINALIZADO', NULL, '2026-05-13 06:08:23', NULL),
	(544, 'CONC-006', 4, 5, '2026-05-13', '2026-05-13 07:03:34', '2026-05-13 07:03:48', '2026-05-13 07:04:00', 'FINALIZADO', NULL, '2026-05-13 06:10:56', NULL),
	(545, 'CONU-005', 6, 5, '2026-05-13', '2026-05-13 07:04:04', '2026-05-13 07:04:09', '2026-05-13 07:04:14', 'CANCELADO', NULL, '2026-05-13 06:11:00', NULL),
	(546, 'CONT-005', 1, 5, '2026-05-13', '2026-05-13 07:04:44', '2026-05-13 07:04:49', '2026-05-13 07:04:54', 'FINALIZADO', NULL, '2026-05-13 06:11:03', NULL),
	(547, 'DUPL-002', 3, 3, '2026-05-13', '2026-05-13 07:10:01', NULL, '2026-05-13 07:10:33', 'CANCELADO', NULL, '2026-05-13 06:11:07', NULL),
	(548, 'OTRO-003', 5, 3, '2026-05-13', '2026-05-13 07:10:45', '2026-05-13 07:11:37', '2026-05-13 07:11:40', 'FINALIZADO', NULL, '2026-05-13 06:11:11', NULL),
	(549, 'RECO-004', 2, 5, '2026-05-13', '2026-05-13 07:10:45', '2026-05-13 07:11:09', '2026-05-13 07:11:16', 'FINALIZADO', NULL, '2026-05-13 06:11:15', NULL),
	(550, 'ROME-001', 9, 5, '2026-05-13', '2026-05-13 07:11:22', '2026-05-13 07:11:29', '2026-05-13 07:11:33', 'FINALIZADO', NULL, '2026-05-13 06:11:19', NULL),
	(551, 'SECO-005', 10, 5, '2026-05-13', '2026-05-13 07:21:48', '2026-05-13 07:22:11', '2026-05-13 07:22:16', 'FINALIZADO', NULL, '2026-05-13 06:11:23', NULL),
	(552, 'ROME-002', 9, 5, '2026-05-13', '2026-05-13 07:30:08', '2026-05-13 07:30:17', '2026-05-13 07:30:23', 'FINALIZADO', NULL, '2026-05-13 06:15:02', NULL),
	(553, 'DUPL-003', 3, 5, '2026-05-13', '2026-05-13 07:30:30', '2026-05-13 07:30:36', '2026-05-13 07:30:40', 'FINALIZADO', NULL, '2026-05-13 07:22:43', NULL),
	(554, 'DUPL-004', 3, NULL, '2026-05-13', NULL, NULL, NULL, 'PENDIENTE', NULL, '2026-05-13 07:28:20', NULL),
	(555, 'OTRO-004', 5, NULL, '2026-05-13', NULL, NULL, NULL, 'PENDIENTE', NULL, '2026-05-13 07:28:33', NULL),
	(556, 'ROME-003', 9, NULL, '2026-05-13', NULL, NULL, NULL, 'PENDIENTE', NULL, '2026-05-13 07:28:39', NULL),
	(557, 'CONU-006', 6, NULL, '2026-05-13', NULL, NULL, NULL, 'PENDIENTE', NULL, '2026-05-13 07:28:55', NULL),
	(558, 'DUPL-005', 3, NULL, '2026-05-13', NULL, NULL, NULL, 'PENDIENTE', NULL, '2026-05-13 07:29:36', NULL),
	(559, 'DUPL-006', 3, NULL, '2026-05-13', NULL, NULL, NULL, 'PENDIENTE', NULL, '2026-05-13 07:29:43', NULL),
	(560, 'DUPL-007', 3, NULL, '2026-05-13', NULL, NULL, NULL, 'PENDIENTE', NULL, '2026-05-13 07:30:53', NULL),
	(561, 'OTRO-005', 5, NULL, '2026-05-13', NULL, NULL, NULL, 'PENDIENTE', NULL, '2026-05-13 07:31:05', NULL),
	(562, 'DUPL-001', 3, 5, '2026-05-14', '2026-05-14 16:10:09', '2026-05-14 16:10:24', '2026-05-14 16:10:33', 'FINALIZADO', NULL, '2026-05-14 16:00:59', NULL),
	(563, 'CONU-001', 6, 5, '2026-05-14', '2026-05-14 16:10:43', '2026-05-14 16:11:12', '2026-05-14 16:11:18', 'FINALIZADO', NULL, '2026-05-14 16:04:11', NULL),
	(564, 'CONU-002', 6, 5, '2026-05-14', '2026-05-14 16:13:09', '2026-05-14 17:35:50', '2026-05-14 17:42:58', 'FINALIZADO', NULL, '2026-05-14 16:09:19', NULL),
	(565, 'CONU-003', 6, 5, '2026-05-14', '2026-05-14 19:12:53', '2026-05-14 19:12:57', '2026-05-14 19:13:01', 'FINALIZADO', NULL, '2026-05-14 17:40:19', NULL),
	(566, 'OTRO-001', 5, 5, '2026-05-14', '2026-05-14 19:13:04', NULL, '2026-05-14 19:13:06', 'CANCELADO', NULL, '2026-05-14 17:41:34', NULL),
	(567, 'OTRO-002', 5, 5, '2026-05-14', '2026-05-14 19:13:08', NULL, '2026-05-14 19:13:11', 'CANCELADO', NULL, '2026-05-14 17:41:43', NULL),
	(568, 'DUPL-002', 3, 5, '2026-05-14', '2026-05-14 19:13:13', NULL, '2026-05-14 19:13:16', 'CANCELADO', NULL, '2026-05-14 17:42:01', NULL),
	(569, 'OTRO-003', 5, 5, '2026-05-14', '2026-05-14 19:13:20', NULL, '2026-05-14 19:13:23', 'CANCELADO', NULL, '2026-05-14 17:42:17', NULL),
	(570, 'OTRO-004', 5, 5, '2026-05-14', '2026-05-14 20:30:41', '2026-05-14 20:30:46', '2026-05-14 20:30:51', 'CANCELADO', NULL, '2026-05-14 18:25:13', NULL),
	(571, 'DUPL-003', 3, 5, '2026-05-14', '2026-05-14 20:31:13', '2026-05-14 20:31:18', '2026-05-14 20:31:21', 'FINALIZADO', NULL, '2026-05-14 18:28:27', NULL),
	(572, 'DUPL-004', 3, 5, '2026-05-14', '2026-05-14 20:31:23', '2026-05-14 20:31:26', '2026-05-14 20:31:29', 'FINALIZADO', NULL, '2026-05-14 18:58:46', NULL),
	(573, 'OTRO-005', 5, 5, '2026-05-14', '2026-05-14 20:31:32', '2026-05-14 20:31:34', '2026-05-14 20:31:37', 'FINALIZADO', NULL, '2026-05-14 18:59:57', NULL),
	(574, 'DUPL-005', 3, 5, '2026-05-14', '2026-05-14 20:31:40', '2026-05-14 20:31:42', '2026-05-14 20:31:44', 'FINALIZADO', NULL, '2026-05-14 19:14:36', NULL),
	(575, 'CONU-004', 6, 5, '2026-05-14', '2026-05-14 20:31:47', '2026-05-14 20:31:49', '2026-05-14 20:31:51', 'FINALIZADO', NULL, '2026-05-14 19:15:14', NULL),
	(576, 'FACT-001', 7, 3, '2026-05-14', '2026-05-15 01:36:44', '2026-05-15 01:36:50', '2026-05-15 01:37:01', 'FINALIZADO', NULL, '2026-05-14 19:18:29', NULL),
	(577, 'PREF-001', 8, NULL, '2026-05-14', NULL, NULL, NULL, 'PENDIENTE', NULL, '2026-05-14 19:25:13', NULL),
	(578, 'OTRO-006', 5, NULL, '2026-05-14', NULL, NULL, NULL, 'PENDIENTE', NULL, '2026-05-14 19:54:13', NULL),
	(579, 'ROME-001', 9, NULL, '2026-05-14', NULL, NULL, NULL, 'PENDIENTE', NULL, '2026-05-14 19:54:17', NULL),
	(580, 'ROME-002', 9, NULL, '2026-05-14', NULL, NULL, NULL, 'PENDIENTE', NULL, '2026-05-14 20:25:56', NULL),
	(581, 'ROME-003', 9, NULL, '2026-05-14', NULL, NULL, NULL, 'PENDIENTE', NULL, '2026-05-14 20:28:21', NULL),
	(582, 'ROME-004', 9, NULL, '2026-05-14', NULL, NULL, NULL, 'PENDIENTE', NULL, '2026-05-14 20:28:36', NULL),
	(583, 'CONT-001', 1, 10, '2026-05-14', '2026-05-15 01:13:58', '2026-05-15 01:14:09', '2026-05-15 01:14:14', 'FINALIZADO', NULL, '2026-05-15 00:19:20', NULL),
	(584, 'CONU-005', 6, 10, '2026-05-14', '2026-05-15 01:14:17', NULL, '2026-05-15 01:14:20', 'CANCELADO', NULL, '2026-05-15 00:52:20', NULL),
	(585, 'CONT-002', 1, 10, '2026-05-14', '2026-05-15 01:14:45', '2026-05-15 01:14:51', '2026-05-15 01:15:00', 'FINALIZADO', NULL, '2026-05-15 00:52:22', NULL),
	(586, 'CONT-003', 1, 10, '2026-05-14', '2026-05-15 01:16:23', '2026-05-15 01:16:41', '2026-05-15 01:17:30', 'FINALIZADO', NULL, '2026-05-15 00:54:12', NULL),
	(587, 'CONT-004', 1, 10, '2026-05-14', '2026-05-15 01:18:00', '2026-05-15 01:18:09', '2026-05-15 04:37:37', 'FINALIZADO', NULL, '2026-05-15 01:17:42', NULL),
	(588, 'CONT-005', 1, NULL, '2026-05-14', NULL, NULL, NULL, 'PENDIENTE', NULL, '2026-05-15 01:20:43', NULL),
	(589, 'CONU-006', 6, NULL, '2026-05-14', NULL, NULL, NULL, 'PENDIENTE', NULL, '2026-05-15 04:34:28', NULL),
	(590, 'CONT-006', 1, NULL, '2026-05-14', NULL, NULL, NULL, 'PENDIENTE', NULL, '2026-05-15 04:34:32', NULL),
	(591, 'CONU-007', 6, NULL, '2026-05-14', NULL, NULL, NULL, 'PENDIENTE', NULL, '2026-05-15 04:34:38', NULL),
	(592, 'DUPL-006', 3, NULL, '2026-05-14', NULL, NULL, NULL, 'PENDIENTE', NULL, '2026-05-15 04:34:42', NULL),
	(593, 'FACT-002', 7, NULL, '2026-05-14', NULL, NULL, NULL, 'PENDIENTE', NULL, '2026-05-15 04:34:45', NULL),
	(594, 'OTRO-007', 5, NULL, '2026-05-14', NULL, NULL, NULL, 'PENDIENTE', NULL, '2026-05-15 04:34:49', NULL),
	(595, 'RECO-001', 2, NULL, '2026-05-14', NULL, NULL, NULL, 'PENDIENTE', NULL, '2026-05-15 04:34:52', NULL),
	(596, 'ROME-005', 9, NULL, '2026-05-14', NULL, NULL, NULL, 'PENDIENTE', NULL, '2026-05-15 04:34:56', NULL),
	(597, 'SECO-001', 10, NULL, '2026-05-14', NULL, NULL, NULL, 'PENDIENTE', NULL, '2026-05-15 04:35:00', NULL),
	(598, 'OTRO-001', 5, 15, '2026-05-15', '2026-05-15 05:27:35', '2026-05-15 05:28:03', '2026-05-15 05:28:13', 'FINALIZADO', NULL, '2026-05-15 05:26:02', NULL),
	(599, 'DUPL-001', 3, 34, '2026-05-15', '2026-05-15 05:38:52', '2026-05-15 05:40:28', '2026-05-15 05:41:50', 'FINALIZADO', NULL, '2026-05-15 05:26:27', NULL),
	(600, 'CONU-001', 6, 10, '2026-05-15', '2026-05-16 04:47:20', '2026-05-16 04:47:29', '2026-05-16 04:47:36', 'FINALIZADO', NULL, '2026-05-15 05:28:40', NULL),
	(601, 'CONT-001', 1, 10, '2026-05-15', '2026-05-16 04:47:43', NULL, NULL, 'LLAMADO', NULL, '2026-05-15 05:28:44', NULL),
	(602, 'DUPL-002', 3, 3, '2026-05-15', '2026-05-15 05:40:31', '2026-05-16 01:02:13', '2026-05-16 01:02:27', 'FINALIZADO', NULL, '2026-05-15 05:28:48', NULL),
	(603, 'FACT-001', 7, 3, '2026-05-15', '2026-05-16 01:03:47', '2026-05-16 01:03:55', '2026-05-16 01:04:08', 'FINALIZADO', NULL, '2026-05-15 05:29:15', NULL),
	(604, 'OTRO-002', 5, 3, '2026-05-15', '2026-05-16 01:04:42', '2026-05-16 01:06:04', '2026-05-16 01:06:14', 'FINALIZADO', NULL, '2026-05-15 05:29:27', NULL),
	(605, 'DUPL-003', 3, 3, '2026-05-15', '2026-05-16 01:06:18', NULL, '2026-05-16 01:06:37', 'CANCELADO', NULL, '2026-05-16 01:05:53', NULL),
	(606, 'OTRO-003', 5, 3, '2026-05-15', '2026-05-16 01:06:39', '2026-05-16 01:06:53', '2026-05-16 01:06:57', 'FINALIZADO', NULL, '2026-05-16 01:05:56', NULL),
	(607, 'OTRO-004', 5, 3, '2026-05-15', '2026-05-16 02:02:47', '2026-05-16 02:03:12', '2026-05-16 02:03:38', 'FINALIZADO', NULL, '2026-05-16 01:07:00', NULL),
	(608, 'OTRO-005', 5, 3, '2026-05-15', '2026-05-16 02:03:51', NULL, '2026-05-16 02:04:23', 'CANCELADO', NULL, '2026-05-16 01:57:21', NULL),
	(609, 'DUPL-004', 3, 3, '2026-05-15', '2026-05-16 02:04:29', '2026-05-16 02:04:34', '2026-05-16 02:04:57', 'CANCELADO', NULL, '2026-05-16 02:00:48', NULL),
	(610, 'RECO-001', 2, NULL, '2026-05-15', NULL, NULL, NULL, 'PENDIENTE', NULL, '2026-05-16 02:02:10', NULL),
	(611, 'OTRO-001', 5, 10, '2026-05-16', '2026-05-16 05:00:55', '2026-05-16 05:01:16', '2026-05-16 05:01:21', 'FINALIZADO', NULL, '2026-05-16 05:00:31', NULL),
	(612, 'DUPL-001', 3, 10, '2026-05-16', '2026-05-16 05:01:52', NULL, '2026-05-16 05:01:54', 'CANCELADO', NULL, '2026-05-16 05:01:28', NULL),
	(613, 'RECO-001', 2, 10, '2026-05-16', '2026-05-16 05:02:06', '2026-05-16 05:02:09', '2026-05-16 05:03:30', 'FINALIZADO', NULL, '2026-05-16 05:01:36', NULL),
	(614, 'OTRO-002', 5, 10, '2026-05-16', '2026-05-16 05:03:33', '2026-05-16 05:11:09', '2026-05-16 05:11:12', 'FINALIZADO', NULL, '2026-05-16 05:02:42', NULL),
	(615, 'OTRO-003', 5, 3, '2026-05-16', '2026-05-16 05:16:04', '2026-05-16 05:16:06', '2026-05-16 05:16:09', 'FINALIZADO', NULL, '2026-05-16 05:02:46', NULL),
	(616, 'DUPL-002', 3, 3, '2026-05-16', '2026-05-16 05:16:56', '2026-05-16 05:16:59', '2026-05-16 05:17:02', 'FINALIZADO', NULL, '2026-05-16 05:02:50', NULL),
	(617, 'OTRO-004', 5, 14, '2026-05-16', '2026-05-16 05:23:23', '2026-05-16 05:23:26', '2026-05-16 05:23:28', 'FINALIZADO', NULL, '2026-05-16 05:23:13', NULL),
	(618, 'OTRO-005', 5, 14, '2026-05-16', '2026-05-16 07:07:46', NULL, '2026-05-16 07:16:12', 'CANCELADO', NULL, '2026-05-16 06:55:16', NULL),
	(619, 'FACT-001', 7, 10, '2026-05-16', '2026-05-16 07:16:26', '2026-05-16 07:32:41', '2026-05-16 07:32:48', 'FINALIZADO', NULL, '2026-05-16 06:55:20', NULL),
	(620, 'SECO-001', 10, 10, '2026-05-16', '2026-05-16 07:33:06', '2026-05-16 07:36:23', '2026-05-16 07:36:25', 'FINALIZADO', NULL, '2026-05-16 06:55:24', NULL),
	(621, 'CONU-001', 6, 10, '2026-05-16', '2026-05-16 07:36:29', '2026-05-16 08:09:13', '2026-05-16 08:09:20', 'FINALIZADO', NULL, '2026-05-16 06:55:28', NULL),
	(622, 'DUPL-003', 3, 10, '2026-05-16', '2026-05-16 08:09:26', '2026-05-16 08:24:31', '2026-05-16 08:24:37', 'FINALIZADO', NULL, '2026-05-16 07:06:00', NULL),
	(623, 'DUPL-004', 3, 3, '2026-05-16', '2026-05-16 08:24:09', '2026-05-16 08:24:25', '2026-05-16 08:24:42', 'FINALIZADO', NULL, '2026-05-16 07:06:03', NULL),
	(624, 'DUPL-005', 3, NULL, '2026-05-16', NULL, NULL, NULL, 'PENDIENTE', NULL, '2026-05-16 07:06:07', NULL),
	(625, 'CONU-001', 6, 3, '2026-05-17', '2026-05-18 04:42:17', '2026-05-18 04:42:26', '2026-05-18 04:42:34', 'FINALIZADO', NULL, '2026-05-18 04:28:22', NULL),
	(626, 'CONT-001', 1, NULL, '2026-05-17', NULL, NULL, NULL, 'PENDIENTE', NULL, '2026-05-18 04:28:24', NULL),
	(627, 'CONT-001', 1, 3, '2026-05-18', '2026-05-18 05:41:25', '2026-05-18 05:41:51', '2026-05-18 05:41:57', 'FINALIZADO', NULL, '2026-05-18 05:40:48', NULL),
	(628, 'SECO-001', 10, 3, '2026-05-18', '2026-05-18 05:42:16', NULL, '2026-05-18 05:42:23', 'CANCELADO', NULL, '2026-05-18 05:40:58', NULL),
	(629, 'DUPL-001', 3, NULL, '2026-05-18', NULL, NULL, NULL, 'PENDIENTE', NULL, '2026-05-18 05:41:43', NULL),
	(630, 'CONU-001', 6, NULL, '2026-05-18', NULL, NULL, NULL, 'PENDIENTE', NULL, '2026-05-18 05:42:10', NULL),
	(631, 'OTRO-001', 5, 10, '2026-05-19', '2026-05-20 03:52:13', '2026-05-20 03:52:20', NULL, 'EN_ATENCION', NULL, '2026-05-20 03:49:22', NULL),
	(632, 'DUPL-001', 3, 3, '2026-05-19', '2026-05-20 03:54:43', '2026-05-20 03:54:52', '2026-05-20 03:54:58', 'FINALIZADO', NULL, '2026-05-20 03:49:26', NULL),
	(633, 'SECO-001', 10, 3, '2026-05-19', '2026-05-20 03:55:03', '2026-05-20 03:55:08', NULL, 'EN_ATENCION', NULL, '2026-05-20 03:49:30', NULL),
	(634, 'DUPL-002', 3, NULL, '2026-05-19', NULL, NULL, NULL, 'PENDIENTE', NULL, '2026-05-20 03:49:33', NULL),
	(635, 'OTRO-002', 5, NULL, '2026-05-19', NULL, NULL, NULL, 'PENDIENTE', NULL, '2026-05-20 03:49:37', NULL),
	(637, 'CONU-001', 6, 5, '2026-05-23', '2026-05-23 15:31:57', '2026-05-23 15:32:21', '2026-05-23 15:32:25', 'FINALIZADO', NULL, '2026-05-23 15:19:23', NULL),
	(638, 'OTRO-001', 5, 3, '2026-05-23', '2026-05-23 15:32:12', '2026-05-23 15:32:38', '2026-05-23 15:33:08', 'FINALIZADO', NULL, '2026-05-23 15:19:27', NULL),
	(639, 'RECO-001', 2, 5, '2026-05-23', '2026-05-23 15:32:30', NULL, '2026-05-23 15:32:35', 'CANCELADO', NULL, '2026-05-23 15:19:31', NULL),
	(640, 'ROME-001', 9, 5, '2026-05-23', '2026-05-23 15:32:41', '2026-05-23 15:32:53', '2026-05-23 15:32:56', 'FINALIZADO', NULL, '2026-05-23 15:19:34', NULL),
	(641, 'CONU-002', 6, 3, '2026-05-23', '2026-05-23 15:33:16', '2026-05-23 15:33:19', '2026-05-23 19:27:13', 'FINALIZADO', NULL, '2026-05-23 15:23:01', NULL),
	(642, 'CONU-003', 6, 5, '2026-05-23', '2026-05-23 15:33:23', '2026-05-23 19:27:26', '2026-05-23 19:27:29', 'FINALIZADO', NULL, '2026-05-23 15:23:06', NULL),
	(643, 'CONU-004', 6, 3, '2026-05-23', '2026-05-23 19:27:20', '2026-05-23 19:51:16', '2026-05-23 19:51:20', 'FINALIZADO', NULL, '2026-05-23 15:23:16', NULL),
	(644, 'CONU-005', 6, 3, '2026-05-23', '2026-05-23 20:01:13', '2026-05-23 20:02:36', '2026-05-23 20:02:43', 'FINALIZADO', NULL, '2026-05-23 15:23:19', NULL),
	(645, 'CONU-006', 6, 3, '2026-05-23', '2026-05-23 20:02:47', '2026-05-23 20:03:05', '2026-05-23 20:03:07', 'FINALIZADO', NULL, '2026-05-23 15:23:26', NULL),
	(646, 'CONU-007', 6, 5, '2026-05-23', '2026-05-23 20:06:24', '2026-05-23 20:06:27', '2026-05-23 20:06:31', 'FINALIZADO', NULL, '2026-05-23 15:23:39', NULL),
	(647, 'CONU-008', 6, 3, '2026-05-23', '2026-05-23 21:03:27', '2026-05-23 21:03:32', '2026-05-23 21:03:35', 'FINALIZADO', NULL, '2026-05-23 15:26:19', NULL),
	(648, 'PREF-001', 8, 3, '2026-05-23', '2026-05-23 19:51:31', '2026-05-23 19:52:11', '2026-05-23 20:00:53', 'FINALIZADO', NULL, '2026-05-23 19:18:06', NULL),
	(649, 'PREF-002', 8, 5, '2026-05-23', '2026-05-23 19:51:41', '2026-05-23 19:51:58', '2026-05-23 20:05:27', 'FINALIZADO', NULL, '2026-05-23 19:18:10', NULL),
	(650, 'PREF-003', 8, 3, '2026-05-23', '2026-05-23 20:01:01', '2026-05-23 20:01:05', '2026-05-23 20:01:10', 'FINALIZADO', NULL, '2026-05-23 19:18:13', NULL),
	(651, 'PREF-004', 8, 5, '2026-05-23', '2026-05-23 20:05:46', '2026-05-23 20:05:51', '2026-05-23 20:05:56', 'FINALIZADO', NULL, '2026-05-23 20:03:15', NULL),
	(652, 'PREF-005', 8, 3, '2026-05-23', '2026-05-23 20:06:03', '2026-05-23 20:06:12', '2026-05-23 20:06:15', 'FINALIZADO', NULL, '2026-05-23 20:05:36', NULL),
	(653, 'PREF-006', 8, 5, '2026-05-23', '2026-05-23 20:06:06', '2026-05-23 20:06:09', '2026-05-23 20:06:20', 'FINALIZADO', NULL, '2026-05-23 20:05:40', NULL),
	(654, 'PREF-007', 8, 3, '2026-05-23', '2026-05-23 21:05:24', NULL, '2026-05-23 21:05:30', 'CANCELADO', NULL, '2026-05-23 20:06:38', NULL),
	(655, 'DUPL-001', 3, 3, '2026-05-23', '2026-05-23 21:04:43', '2026-05-23 21:04:45', '2026-05-23 21:04:48', 'CANCELADO', NULL, '2026-05-23 21:04:38', NULL),
	(656, 'DUPL-002', 3, 3, '2026-05-23', '2026-05-23 21:05:34', NULL, '2026-05-23 21:05:36', 'CANCELADO', NULL, '2026-05-23 21:04:51', NULL),
	(657, 'DUPL-003', 3, NULL, '2026-05-23', NULL, NULL, NULL, 'PENDIENTE', NULL, '2026-05-23 21:04:54', NULL),
	(658, 'DUPL-004', 3, NULL, '2026-05-23', NULL, NULL, NULL, 'PENDIENTE', NULL, '2026-05-23 21:04:58', NULL),
	(659, 'DUPL-005', 3, NULL, '2026-05-23', NULL, NULL, NULL, 'PENDIENTE', NULL, '2026-05-23 21:05:39', NULL),
	(660, 'OTRO-002', 5, NULL, '2026-05-23', NULL, NULL, NULL, 'PENDIENTE', NULL, '2026-05-23 21:05:43', NULL),
	(661, 'PREF-008', 8, 5, '2026-05-23', '2026-05-23 23:13:15', NULL, '2026-05-23 23:13:17', 'CANCELADO', NULL, '2026-05-23 21:06:07', NULL),
	(662, 'PREF-009', 8, 5, '2026-05-23', '2026-05-23 23:13:19', NULL, '2026-05-23 23:13:23', 'CANCELADO', NULL, '2026-05-23 21:06:11', NULL),
	(663, 'DUPL-006', 3, NULL, '2026-05-23', NULL, NULL, NULL, 'PENDIENTE', 'NORMAL', '2026-05-23 22:25:38', NULL),
	(664, 'PREF-010', 8, 5, '2026-05-23', '2026-05-24 04:49:15', '2026-05-24 04:49:20', '2026-05-24 04:55:55', 'FINALIZADO', 'ALTA', '2026-05-23 22:26:03', NULL),
	(665, 'PREF-011', 8, 5, '2026-05-23', '2026-05-24 04:56:17', '2026-05-24 04:56:19', '2026-05-24 04:56:25', 'FINALIZADO', 'ALTA', '2026-05-23 22:26:07', NULL),
	(666, 'PREF-012', 8, 5, '2026-05-23', '2026-05-24 04:59:59', NULL, NULL, 'LLAMADO', 'EMERGENCIA', '2026-05-23 22:28:20', NULL),
	(667, 'PREF-013', 8, NULL, '2026-05-23', NULL, NULL, NULL, 'PENDIENTE', 'NORMAL', '2026-05-23 22:28:50', NULL),
	(668, 'OTRO-003', 5, NULL, '2026-05-23', NULL, NULL, NULL, 'PENDIENTE', 'NORMAL', '2026-05-23 23:38:49', NULL),
	(669, 'CONU-009', 6, NULL, '2026-05-23', NULL, NULL, NULL, 'PENDIENTE', 'NORMAL', '2026-05-23 23:38:53', NULL),
	(670, 'DUPL-007', 3, NULL, '2026-05-23', NULL, NULL, NULL, 'PENDIENTE', 'NORMAL', '2026-05-23 23:38:57', NULL),
	(671, 'REOP-001', 11, NULL, '2026-05-23', NULL, NULL, NULL, 'PENDIENTE', 'NORMAL', '2026-05-23 23:39:01', NULL),
	(672, 'PREF-014', 8, NULL, '2026-05-23', NULL, NULL, NULL, 'PENDIENTE', 'ALTA', '2026-05-23 23:39:08', NULL),
	(673, 'RECO-002', 2, NULL, '2026-05-23', NULL, NULL, NULL, 'PENDIENTE', 'NORMAL', '2026-05-23 23:39:11', NULL),
	(674, 'OTRO-004', 5, NULL, '2026-05-23', NULL, NULL, NULL, 'PENDIENTE', 'NORMAL', '2026-05-24 04:56:33', NULL),
	(681, 'CONU-001', 6, 3, '2026-05-24', '2026-05-24 05:38:50', '2026-05-24 05:38:53', '2026-05-24 05:38:55', 'FINALIZADO', 'NORMAL', '2026-05-24 05:36:26', NULL),
	(682, 'DUPL-001', 3, 3, '2026-05-24', '2026-05-24 05:38:57', NULL, '2026-05-24 05:38:59', 'CANCELADO', 'NORMAL', '2026-05-24 05:36:30', NULL),
	(683, 'OTRO-001', 5, 5, '2026-05-24', '2026-05-25 03:14:19', NULL, '2026-05-25 03:14:21', 'CANCELADO', 'NORMAL', '2026-05-24 05:36:33', NULL),
	(684, 'PREF-001', 8, 5, '2026-05-24', '2026-05-24 05:38:21', '2026-05-24 05:38:24', '2026-05-24 05:38:27', 'FINALIZADO', 'ALTA', '2026-05-24 05:36:37', NULL),
	(685, 'RECO-001', 2, 5, '2026-05-24', '2026-05-25 03:14:24', NULL, '2026-05-25 03:14:26', 'CANCELADO', 'NORMAL', '2026-05-24 05:36:41', NULL),
	(686, 'REOP-001', 11, 5, '2026-05-24', '2026-05-25 03:14:27', NULL, '2026-05-25 03:14:30', 'CANCELADO', 'NORMAL', '2026-05-24 05:36:46', NULL),
	(687, 'DUPL-002', 3, 5, '2026-05-24', '2026-05-25 03:14:32', NULL, '2026-05-25 03:14:34', 'CANCELADO', 'NORMAL', '2026-05-24 05:36:56', NULL),
	(688, 'RECO-002', 2, NULL, '2026-05-24', NULL, NULL, NULL, 'PENDIENTE', 'NORMAL', '2026-05-24 05:36:59', NULL),
	(689, 'PREF-002', 8, 5, '2026-05-24', '2026-05-24 05:38:30', NULL, '2026-05-24 05:38:32', 'CANCELADO', 'ALTA', '2026-05-24 05:37:03', NULL),
	(690, 'OTRO-002', 5, NULL, '2026-05-24', NULL, NULL, NULL, 'PENDIENTE', 'NORMAL', '2026-05-24 05:37:07', NULL),
	(691, 'DUPL-003', 3, NULL, '2026-05-24', NULL, NULL, NULL, 'PENDIENTE', 'NORMAL', '2026-05-24 05:37:13', NULL),
	(692, 'DUPL-004', 3, NULL, '2026-05-24', NULL, NULL, NULL, 'PENDIENTE', 'NORMAL', '2026-05-24 05:37:16', NULL),
	(693, 'DUPL-005', 3, NULL, '2026-05-24', NULL, NULL, NULL, 'PENDIENTE', 'NORMAL', '2026-05-24 05:37:20', NULL),
	(694, 'OTRO-003', 5, NULL, '2026-05-24', NULL, NULL, NULL, 'PENDIENTE', 'NORMAL', '2026-05-24 07:11:14', NULL),
	(695, 'DUPL-006', 3, NULL, '2026-05-24', NULL, NULL, NULL, 'PENDIENTE', 'NORMAL', '2026-05-24 07:11:27', NULL),
	(696, 'REOP-002', 11, NULL, '2026-05-24', NULL, NULL, NULL, 'PENDIENTE', 'NORMAL', '2026-05-24 23:05:38', NULL),
	(697, 'CONU-002', 6, NULL, '2026-05-24', NULL, NULL, NULL, 'PENDIENTE', 'NORMAL', '2026-05-24 23:05:41', NULL),
	(698, 'PREF-003', 8, 5, '2026-05-24', '2026-05-25 03:11:36', NULL, '2026-05-25 03:14:17', 'CANCELADO', 'ALTA', '2026-05-24 23:05:45', NULL),
	(699, 'CONU-003', 6, NULL, '2026-05-24', NULL, NULL, NULL, 'PENDIENTE', 'NORMAL', '2026-05-25 00:19:04', NULL),
	(700, 'REOP-003', 11, NULL, '2026-05-24', NULL, NULL, NULL, 'PENDIENTE', 'NORMAL', '2026-05-25 00:19:08', NULL),
	(701, 'CONU-004', 6, NULL, '2026-05-24', NULL, NULL, NULL, 'PENDIENTE', 'NORMAL', '2026-05-25 00:19:11', NULL),
	(702, 'REOP-004', 11, NULL, '2026-05-24', NULL, NULL, NULL, 'PENDIENTE', 'NORMAL', '2026-05-25 00:19:15', NULL),
	(703, 'DUPL-007', 3, NULL, '2026-05-24', NULL, NULL, NULL, 'PENDIENTE', 'NORMAL', '2026-05-25 02:51:45', NULL),
	(704, 'OTRO-004', 5, NULL, '2026-05-24', NULL, NULL, NULL, 'PENDIENTE', 'NORMAL', '2026-05-25 02:51:49', NULL),
	(705, 'DUPL-001', 3, 5, '2026-05-25', '2026-05-25 05:19:15', NULL, '2026-05-25 05:19:23', 'CANCELADO', 'NORMAL', '2026-05-25 05:07:39', NULL),
	(706, 'DUPL-002', 3, 5, '2026-05-25', '2026-05-25 05:19:39', NULL, NULL, 'LLAMADO', 'NORMAL', '2026-05-25 05:07:53', NULL),
	(707, 'PREF-001', 8, 5, '2026-05-25', '2026-05-25 05:18:43', '2026-05-25 05:19:00', '2026-05-25 05:19:07', 'FINALIZADO', 'ALTA', '2026-05-25 05:07:57', NULL),
	(708, 'RECO-001', 2, NULL, '2026-05-25', NULL, NULL, NULL, 'PENDIENTE', 'NORMAL', '2026-05-25 05:19:33', NULL);

-- Volcando estructura para tabla siscolas.usuarios
CREATE TABLE IF NOT EXISTS `usuarios` (
  `id_usuario` int NOT NULL AUTO_INCREMENT,
  `usuario_user` varchar(50) CHARACTER SET utf8mb4 COLLATE utf8mb4_unicode_ci NOT NULL,
  `password_user` varchar(255) CHARACTER SET utf8mb4 COLLATE utf8mb4_unicode_ci NOT NULL,
  `nombre_user` varchar(100) CHARACTER SET utf8mb4 COLLATE utf8mb4_unicode_ci DEFAULT NULL,
  `dni_user` varchar(100) COLLATE utf8mb4_unicode_ci DEFAULT NULL,
  `puesto_user` varchar(100) COLLATE utf8mb4_unicode_ci DEFAULT NULL,
  `oficina_user` varchar(100) COLLATE utf8mb4_unicode_ci DEFAULT NULL,
  `genero_user` enum('M','F') CHARACTER SET utf8mb4 COLLATE utf8mb4_unicode_ci DEFAULT NULL,
  `observaciones_user` varchar(100) COLLATE utf8mb4_unicode_ci DEFAULT NULL,
  `id_rol_user` int DEFAULT NULL,
  `num_ventanilla` int DEFAULT NULL,
  `estado_user` tinyint DEFAULT '1',
  `creado_user` datetime DEFAULT NULL,
  `actualizado_user` datetime DEFAULT NULL,
  PRIMARY KEY (`id_usuario`),
  UNIQUE KEY `usuario` (`usuario_user`) USING BTREE,
  UNIQUE KEY `dni_user` (`dni_user`),
  KEY `id_rol` (`id_rol_user`) USING BTREE,
  CONSTRAINT `usuario_rol` FOREIGN KEY (`id_rol_user`) REFERENCES `roles` (`id_rol`)
) ENGINE=InnoDB AUTO_INCREMENT=36 DEFAULT CHARSET=utf8mb4 COLLATE=utf8mb4_unicode_ci;

-- Volcando datos para la tabla siscolas.usuarios: ~13 rows (aproximadamente)
INSERT INTO `usuarios` (`id_usuario`, `usuario_user`, `password_user`, `nombre_user`, `dni_user`, `puesto_user`, `oficina_user`, `genero_user`, `observaciones_user`, `id_rol_user`, `num_ventanilla`, `estado_user`, `creado_user`, `actualizado_user`) VALUES
	(3, 'roman', '$2y$10$SU9opMcHrxHfJtFQ7fmypOTD.BMOAhq9ytFYI7tViRZsAD253zPg.', 'Cesar Roman Acero Oliva', '71062876', 'Analista TIC', 'Oficina de Tecnologia de la Informacion y Comunicaciones', 'M', 'Sin observaciones.', 1, 3, 1, NULL, NULL),
	(4, 'cesar', '$2y$10$9goL9WS/yAw5v5PlxHELieEBUK02GAInLzwVHBKZDu82wcnLP2su2', 'Cesar Enrique Acer Perez', NULL, NULL, NULL, NULL, NULL, 2, NULL, 1, NULL, NULL),
	(5, 'acero', '$2y$10$rDRvwxEomg9Qgl8UQKoJS.KxfMqx283TIntthSxez2ZHgYNQoAsLW', 'Enrique Acer Paz', '7106287X', 'Analista TIC', 'Oficina de Tecnologia de la Informacion y Comunicaciones', 'M', 'Sin observaciones.', 3, 1, 1, '2026-02-27 08:53:18', NULL),
	(10, 'alipio', '$2y$10$4fSoFClcc.z4pYBq61z6p.EvUsVRUUddU.oNWemFD4rmpRFYdSvQe', 'Alipio Acer', '71062875', 'Atención al Cliente', 'Oficina de Operadores', 'M', 'Con observaciones.', 3, 5, 1, '2026-02-27 08:53:19', NULL),
	(14, 'admin', '$2y$10$FA2tckBGqjmyigCgTBcNs.0p7Z6AF8pPh9QGmj8p48keXP.PRpT42', 'Admin', NULL, NULL, NULL, NULL, NULL, 2, NULL, 1, NULL, NULL),
	(15, 'operador1', '$2y$10$AijlMQ5o0yPyk.Fti2QmLOXV0SPOb.oWLoKTyamdiBOb2jrYWnPe2', 'Operador 01', '111', 'Atención al Cliente', 'Oficina de Operadores', 'M', '111', 3, 6, 1, NULL, NULL),
	(16, 'pepe', '$2y$10$JKsWknxgimqnS1LpgLpvNeq5FVJDlghqjlt2C/PFBKgc.CquxAmji', 'Pepe', NULL, NULL, NULL, NULL, NULL, 3, NULL, 1, NULL, NULL),
	(17, 'turnos', '$2y$10$4pniV3Sof4GUxBd1BZwPJek9tRH.0NGyG8jhNXNmnmD5TdbaHUoRG', 'Turnos', NULL, NULL, NULL, NULL, NULL, 4, NULL, 1, NULL, NULL),
	(30, 'seleccion', '$2y$10$.65kNc7gFkdHlv/MvF5dvejxE7GsFnbRIxWjDuYHDkSsF6/sPv2Tq', 'Seleccion', NULL, NULL, NULL, NULL, NULL, 4, NULL, 1, NULL, NULL),
	(31, 'operador2', '$2y$10$7I8nFeYoiPx451Ag9zCSAe4b7cw2CGqFUfI4QYOMkCaK9XS84InKC', 'Operador 02', '222', 'Atención al Cliente', 'Oficina de Operadores', 'M', 'Sin observaciones. ', 3, 2, 1, NULL, NULL),
	(32, 'operador3', '$2y$10$QeColJEi8hI8dDXZobAGSehvEV6iQy8j5Nk0Rw/I8iZ4cEltS1fCW', 'Operador Número 03', '333', 'Atención al Cliente', 'Oficina de Operadores', 'F', 'Sin observaciones.', 3, 3, 1, NULL, NULL),
	(33, 'operador4', '$2y$10$dzk5hAtHPmPRHNluYmZpiu0/nQegdqLXQj2VfOMoROFITicoVP1v.', 'Operador Numero 04', '444', 'Atención al Cliente', 'Oficina de Operadores', 'F', 'oka', 3, 4, 1, NULL, NULL),
	(34, 'mayra', '$2y$10$0620KqiwBhR2ZlZlVewqtecB3Y.KEOlxokCxCJUl.9rO4Qh4MUUYy', 'Mayra Luna', '999', 'Cliente', 'Cliente', 'F', 'Oki. ', 3, 8, 1, NULL, NULL);

/*!40103 SET TIME_ZONE=IFNULL(@OLD_TIME_ZONE, 'system') */;
/*!40101 SET SQL_MODE=IFNULL(@OLD_SQL_MODE, '') */;
/*!40014 SET FOREIGN_KEY_CHECKS=IFNULL(@OLD_FOREIGN_KEY_CHECKS, 1) */;
/*!40101 SET CHARACTER_SET_CLIENT=@OLD_CHARACTER_SET_CLIENT */;
/*!40111 SET SQL_NOTES=IFNULL(@OLD_SQL_NOTES, 1) */;
